{
	"format_version": "1.12.0",
	"minecraft:geometry": [
		{
			"description": {
				"identifier": "geometry.unknown",
				"texture_width": 128,
				"texture_height": 128,
				"visible_bounds_width": 3,
				"visible_bounds_height": 4.5,
				"visible_bounds_offset": [0, 1.75, 0]
			},
			"bones": [
				{
					"name": "weald_walker",
					"pivot": [0, 0, 0]
				},
				{
					"name": "body",
					"parent": "weald_walker",
					"pivot": [0, 0, 0]
				},
				{
					"name": "upper",
					"parent": "body",
					"pivot": [0, 12, 0],
					"cubes": [
						{
							"origin": [-8, 12, -8],
							"size": [16, 23, 16],
							"uv": {
								"north": {"uv": [26, 0], "uv_size": [16, 23]},
								"east": {"uv": [26, 23], "uv_size": [16, 23]},
								"south": {"uv": [42, 0], "uv_size": [16, 23]},
								"west": {"uv": [42, 23], "uv_size": [16, 23]},
								"up": {"uv": [14, 60], "uv_size": [16, 16]},
								"down": {"uv": [30, 76], "uv_size": [16, -16]}
							}
						}
					]
				},
				{
					"name": "head",
					"parent": "upper",
					"pivot": [0, 35, 0],
					"cubes": [
						{
							"origin": [-8, 35, -8],
							"size": [16, 8, 16],
							"uv": {
								"north": {"uv": [74, 14], "uv_size": [16, 8]},
								"east": {"uv": [74, 22], "uv_size": [16, 8]},
								"south": {"uv": [20, 76], "uv_size": [16, 8]},
								"west": {"uv": [76, 30], "uv_size": [16, 8]},
								"up": {"uv": [58, 0], "uv_size": [16, 16]},
								"down": {"uv": [58, 32], "uv_size": [16, -16]}
							}
						},
						{
							"origin": [-13, 30, 1],
							"size": [26, 22, 14],
							"uv": {
								"north": {"uv": [0, 0], "uv_size": [26, 22]},
								"east": {"uv": [52, 46], "uv_size": [14, 22]},
								"south": {"uv": [0, 22], "uv_size": [26, 22]},
								"west": {"uv": [0, 58], "uv_size": [14, 22]},
								"up": {"uv": [0, 44], "uv_size": [26, 14]},
								"down": {"uv": [26, 60], "uv_size": [26, -14]}
							}
						},
						{
							"origin": [-5, 43, -4],
							"size": [10, 4, 5],
							"uv": {
								"north": {"uv": [82, 51], "uv_size": [10, 4]},
								"east": {"uv": [82, 65], "uv_size": [5, 4]},
								"south": {"uv": [82, 55], "uv_size": [10, 4]},
								"west": {"uv": [82, 69], "uv_size": [5, 4]},
								"up": {"uv": [66, 78], "uv_size": [10, 5]},
								"down": {"uv": [82, 51], "uv_size": [10, -5]}
							}
						},
						{
							"origin": [-7, 52, 1],
							"size": [14, 4, 14],
							"uv": {
								"north": {"uv": [0, 80], "uv_size": [14, 4]},
								"east": {"uv": [82, 38], "uv_size": [14, 4]},
								"south": {"uv": [42, 82], "uv_size": [14, 4]},
								"west": {"uv": [82, 42], "uv_size": [14, 4]},
								"up": {"uv": [46, 68], "uv_size": [14, 14]},
								"down": {"uv": [74, 14], "uv_size": [14, -14]}
							}
						}
					]
				},
				{
					"name": "arm_right",
					"parent": "upper",
					"pivot": [-8, 30, 0],
					"cubes": [
						{
							"origin": [-14, 12, -5],
							"size": [6, 23, 10],
							"uv": {
								"north": {"uv": [60, 68], "uv_size": [6, 23]},
								"east": {"uv": [66, 32], "uv_size": [10, 23]},
								"south": {"uv": [14, 76], "uv_size": [6, 23]},
								"west": {"uv": [66, 55], "uv_size": [10, 23]},
								"up": {"uv": [76, 62], "uv_size": [6, 10]},
								"down": {"uv": [76, 82], "uv_size": [6, -10]}
							}
						}
					]
				},
				{
					"name": "arm_left",
					"parent": "upper",
					"pivot": [8, 30, 0],
					"rotation": [0, 0, 0],
					"cubes": [
						{
							"origin": [8, 12, -5],
							"size": [6, 23, 10],
							"uv": {
								"north": {"uv": [66, 68], "uv_size": [-6, 23]},
								"east": {"uv": [76, 55], "uv_size": [-10, 23]},
								"south": {"uv": [20, 76], "uv_size": [-6, 23]},
								"west": {"uv": [76, 32], "uv_size": [-10, 23]},
								"up": {"uv": [82, 62], "uv_size": [-6, 10]},
								"down": {"uv": [82, 82], "uv_size": [-6, -10]}
							}
						}
					]
				},
				{
					"name": "leg_right",
					"parent": "body",
					"pivot": [1, 12, 0],
					"cubes": [
						{
							"origin": [-7, 0, -3],
							"size": [6, 12, 6],
							"uv": {
								"north": {"uv": [58, 32], "uv_size": [6, 12]},
								"east": {"uv": [36, 76], "uv_size": [6, 12]},
								"south": {"uv": [76, 38], "uv_size": [6, 12]},
								"west": {"uv": [76, 50], "uv_size": [6, 12]},
								"up": {"uv": [46, 60], "uv_size": [6, 6]},
								"down": {"uv": [82, 65], "uv_size": [6, -6]}
							}
						}
					]
				},
				{
					"name": "leg_left",
					"parent": "body",
					"pivot": [-1, 12, 0],
					"cubes": [
						{
							"origin": [1, 0, -3],
							"size": [6, 12, 6],
							"uv": {
								"north": {"uv": [64, 32], "uv_size": [-6, 12]},
								"east": {"uv": [82, 50], "uv_size": [-6, 12]},
								"south": {"uv": [82, 38], "uv_size": [-6, 12]},
								"west": {"uv": [42, 76], "uv_size": [-6, 12]},
								"up": {"uv": [52, 60], "uv_size": [-6, 6]},
								"down": {"uv": [88, 65], "uv_size": [-6, -6]}
							}
						}
					]
				}
			]
		}
	]
}