{
	"format_version": "1.12.0",
	"minecraft:geometry": [
		{
			"description": {
				"identifier": "geometry.unknown",
				"texture_width": 64,
				"texture_height": 64,
				"visible_bounds_width": 3,
				"visible_bounds_height": 2.5,
				"visible_bounds_offset": [0, 0.75, 0]
			},
			"bones": [
				{
					"name": "bookwyrm",
					"pivot": [0, -4, -3]
				},
				{
					"name": "body",
					"parent": "bookwyrm",
					"pivot": [0, 12, -1]
				},
				{
					"name": "head",
					"parent": "body",
					"pivot": [0, 12, -1],
					"cubes": [
						{
							"origin": [-2.5, 10, -6],
							"size": [5, 4, 5],
							"uv": {
								"north": {"uv": [18, 0], "uv_size": [5, 4]},
								"east": {"uv": [18, 4], "uv_size": [5, 4]},
								"south": {"uv": [18, 8], "uv_size": [5, 4]},
								"west": {"uv": [21, 12], "uv_size": [5, 4]},
								"up": {"uv": [16, 12], "uv_size": [5, 5]},
								"down": {"uv": [16, 22], "uv_size": [5, -5]}
							}
						},
						{
							"origin": [-1.5, 10, -9],
							"size": [3, 2, 3],
							"uv": {
								"north": {"uv": [26, 6], "uv_size": [3, 2]},
								"east": {"uv": [8, 26], "uv_size": [3, 2]},
								"south": {"uv": [26, 8], "uv_size": [3, 2]},
								"west": {"uv": [11, 26], "uv_size": [3, 2]},
								"up": {"uv": [23, 4], "uv_size": [3, 3]},
								"down": {"uv": [23, 10], "uv_size": [3, -3]}
							}
						},
						{
							"origin": [-4.5, 13, -4],
							"size": [2, 1, 2],
							"uv": {
								"north": {"uv": [28, 17], "uv_size": [2, 1]},
								"east": {"uv": [28, 18], "uv_size": [2, 1]},
								"south": {"uv": [28, 19], "uv_size": [2, 1]},
								"west": {"uv": [28, 20], "uv_size": [2, 1]},
								"up": {"uv": [26, 14], "uv_size": [2, 2]},
								"down": {"uv": [21, 28], "uv_size": [2, -2]}
							}
						},
						{
							"origin": [-4.5, 14, -4],
							"size": [1, 1, 3],
							"uv": {
								"north": {"uv": [1, 29], "uv_size": [1, 1]},
								"east": {"uv": [27, 22], "uv_size": [3, 1]},
								"south": {"uv": [2, 29], "uv_size": [1, 1]},
								"west": {"uv": [27, 23], "uv_size": [3, 1]},
								"up": {"uv": [23, 26], "uv_size": [1, 3]},
								"down": {"uv": [27, 27], "uv_size": [1, -3]}
							}
						},
						{
							"origin": [-0.5, 14, -5],
							"size": [1, 1, 3],
							"uv": {
								"north": {"uv": [3, 29], "uv_size": [1, 1]},
								"east": {"uv": [9, 28], "uv_size": [3, 1]},
								"south": {"uv": [4, 29], "uv_size": [1, 1]},
								"west": {"uv": [12, 28], "uv_size": [3, 1]},
								"up": {"uv": [28, 14], "uv_size": [1, 3]},
								"down": {"uv": [15, 31], "uv_size": [1, -3]}
							}
						},
						{
							"origin": [3.5, 14, -4],
							"size": [1, 1, 3],
							"uv": {
								"north": {"uv": [2, 29], "uv_size": [-1, 1]},
								"east": {"uv": [30, 23], "uv_size": [-3, 1]},
								"south": {"uv": [3, 29], "uv_size": [-1, 1]},
								"west": {"uv": [30, 22], "uv_size": [-3, 1]},
								"up": {"uv": [24, 26], "uv_size": [-1, 3]},
								"down": {"uv": [28, 27], "uv_size": [-1, -3]}
							}
						},
						{
							"origin": [2.5, 13, -4],
							"size": [2, 1, 2],
							"uv": {
								"north": {"uv": [30, 17], "uv_size": [-2, 1]},
								"east": {"uv": [30, 20], "uv_size": [-2, 1]},
								"south": {"uv": [30, 19], "uv_size": [-2, 1]},
								"west": {"uv": [30, 18], "uv_size": [-2, 1]},
								"up": {"uv": [28, 14], "uv_size": [-2, 2]},
								"down": {"uv": [23, 28], "uv_size": [-2, -2]}
							}
						}
					]
				},
				{
					"name": "horn_right",
					"parent": "body",
					"pivot": [0, -4, -3]
				},
				{
					"name": "horn_left",
					"parent": "body",
					"pivot": [0, -4, -3]
				},
				{
					"name": "body1",
					"parent": "body",
					"pivot": [0, 11.5, -1],
					"rotation": [-25, 0, 0],
					"cubes": [
						{
							"origin": [-1.5, 10, -1],
							"size": [3, 3, 4],
							"uv": {
								"north": {"uv": [24, 22], "uv_size": [3, 3]},
								"east": {"uv": [21, 16], "uv_size": [4, 3]},
								"south": {"uv": [25, 16], "uv_size": [3, 3]},
								"west": {"uv": [21, 19], "uv_size": [4, 3]},
								"up": {"uv": [0, 22], "uv_size": [3, 4]},
								"down": {"uv": [3, 26], "uv_size": [3, -4]}
							}
						},
						{
							"origin": [-0.5, 13, 0],
							"size": [1, 1, 2],
							"uv": {
								"north": {"uv": [5, 29], "uv_size": [1, 1]},
								"east": {"uv": [28, 21], "uv_size": [2, 1]},
								"south": {"uv": [6, 29], "uv_size": [1, 1]},
								"west": {"uv": [24, 28], "uv_size": [2, 1]},
								"up": {"uv": [22, 28], "uv_size": [1, 2]},
								"down": {"uv": [28, 26], "uv_size": [1, -2]}
							}
						}
					]
				},
				{
					"name": "body2",
					"parent": "body1",
					"pivot": [0, 11, 3],
					"rotation": [-45, 0, 0],
					"cubes": [
						{
							"origin": [-1.49, 10, 3],
							"size": [2.98, 2, 4],
							"uv": {
								"north": {"uv": [26, 12], "uv_size": [3, 2]},
								"east": {"uv": [0, 26], "uv_size": [4, 2]},
								"south": {"uv": [14, 26], "uv_size": [3, 2]},
								"west": {"uv": [4, 26], "uv_size": [4, 2]},
								"up": {"uv": [6, 22], "uv_size": [3, 4]},
								"down": {"uv": [9, 26], "uv_size": [3, -4]}
							}
						},
						{
							"origin": [-0.5, 12, 4],
							"size": [1, 1, 2],
							"uv": {
								"north": {"uv": [29, 6], "uv_size": [1, 1]},
								"east": {"uv": [26, 28], "uv_size": [2, 1]},
								"south": {"uv": [7, 29], "uv_size": [1, 1]},
								"west": {"uv": [28, 26], "uv_size": [2, 1]},
								"up": {"uv": [28, 28], "uv_size": [1, 2]},
								"down": {"uv": [0, 31], "uv_size": [1, -2]}
							}
						}
					]
				},
				{
					"name": "wing_right",
					"parent": "body2",
					"pivot": [-1.5, 11, 5],
					"cubes": [
						{
							"origin": [-10.5, 11, -1],
							"size": [9, 1, 12],
							"uv": {
								"north": {"uv": [23, 10], "uv_size": [9, 1]},
								"east": {"uv": [23, 0], "uv_size": [12, 1]},
								"south": {"uv": [23, 11], "uv_size": [9, 1]},
								"west": {"uv": [23, 1], "uv_size": [12, 1]},
								"up": {"uv": [0, 0], "uv_size": [9, 12]},
								"down": {"uv": [9, 12], "uv_size": [9, -12]}
							}
						},
						{
							"origin": [-9.5, 10, 0],
							"size": [8, 1, 10],
							"uv": {
								"north": {"uv": [26, 4], "uv_size": [8, 1]},
								"east": {"uv": [23, 2], "uv_size": [10, 1]},
								"south": {"uv": [26, 5], "uv_size": [8, 1]},
								"west": {"uv": [23, 3], "uv_size": [10, 1]},
								"up": {"uv": [0, 12], "uv_size": [8, 10]},
								"down": {"uv": [8, 22], "uv_size": [8, -10]}
							}
						}
					]
				},
				{
					"name": "wing_left",
					"parent": "body2",
					"pivot": [1.5, 11, 5],
					"cubes": [
						{
							"origin": [1.5, 11, -1],
							"size": [9, 1, 12],
							"uv": {
								"north": {"uv": [32, 10], "uv_size": [-9, 1]},
								"east": {"uv": [35, 1], "uv_size": [-12, 1]},
								"south": {"uv": [32, 11], "uv_size": [-9, 1]},
								"west": {"uv": [35, 0], "uv_size": [-12, 1]},
								"up": {"uv": [9, 0], "uv_size": [-9, 12]},
								"down": {"uv": [18, 12], "uv_size": [-9, -12]}
							}
						},
						{
							"origin": [1.5, 10, 0],
							"size": [8, 1, 10],
							"uv": {
								"north": {"uv": [34, 4], "uv_size": [-8, 1]},
								"east": {"uv": [33, 3], "uv_size": [-10, 1]},
								"south": {"uv": [34, 5], "uv_size": [-8, 1]},
								"west": {"uv": [33, 2], "uv_size": [-10, 1]},
								"up": {"uv": [8, 12], "uv_size": [-8, 10]},
								"down": {"uv": [16, 22], "uv_size": [-8, -10]}
							}
						}
					]
				},
				{
					"name": "body3",
					"parent": "body2",
					"pivot": [0, 11, 7],
					"rotation": [-30, 0, 0],
					"cubes": [
						{
							"origin": [-1.48, 10, 7],
							"size": [2.96, 1, 3],
							"uv": {
								"north": {"uv": [27, 27], "uv_size": [3, 1]},
								"east": {"uv": [0, 28], "uv_size": [3, 1]},
								"south": {"uv": [3, 28], "uv_size": [3, 1]},
								"west": {"uv": [6, 28], "uv_size": [3, 1]},
								"up": {"uv": [25, 19], "uv_size": [3, 3]},
								"down": {"uv": [24, 28], "uv_size": [3, -3]}
							}
						}
					]
				},
				{
					"name": "body4",
					"parent": "body3",
					"pivot": [0, 10, 10],
					"rotation": [-42.5, 0, 0],
					"cubes": [
						{
							"origin": [-1.5, 10, 10],
							"size": [3, 0, 4],
							"uv": {
								"north": {"uv": [0, 0], "uv_size": [3, 0]},
								"east": {"uv": [0, 0], "uv_size": [4, 0]},
								"south": {"uv": [0, 0], "uv_size": [3, 0]},
								"west": {"uv": [0, 0], "uv_size": [4, 0]},
								"up": {"uv": [12, 22], "uv_size": [3, 4]},
								"down": {"uv": [15, 26], "uv_size": [3, -4]}
							}
						}
					]
				},
				{
					"name": "body5",
					"parent": "body4",
					"pivot": [0, 10, 14],
					"rotation": [-47.5, 0, 0],
					"cubes": [
						{
							"origin": [-1.5, 10, 14],
							"size": [3, 0, 4],
							"uv": {
								"north": {"uv": [0, 0], "uv_size": [3, 0]},
								"east": {"uv": [0, 0], "uv_size": [4, 0]},
								"south": {"uv": [0, 0], "uv_size": [3, 0]},
								"west": {"uv": [0, 0], "uv_size": [4, 0]},
								"up": {"uv": [18, 22], "uv_size": [3, 4]},
								"down": {"uv": [21, 26], "uv_size": [3, -4]}
							}
						}
					]
				},
				{
					"name": "body6",
					"parent": "body5",
					"pivot": [0, 10, 18],
					"rotation": [-50, 0, 0],
					"cubes": [
						{
							"origin": [-0.5, 10, 18],
							"size": [2, 0, 3],
							"uv": {
								"north": {"uv": [0, 0], "uv_size": [2, 0]},
								"east": {"uv": [0, 0], "uv_size": [3, 0]},
								"south": {"uv": [0, 0], "uv_size": [2, 0]},
								"west": {"uv": [0, 0], "uv_size": [3, 0]},
								"up": {"uv": [17, 26], "uv_size": [2, 3]},
								"down": {"uv": [19, 29], "uv_size": [2, -3]}
							}
						}
					]
				},
				{
					"name": "body7",
					"parent": "body6",
					"pivot": [0, 10, 21],
					"rotation": [-60, 0, 0],
					"cubes": [
						{
							"origin": [-0.5, 10, 21],
							"size": [1, 0, 2],
							"uv": {
								"north": {"uv": [0, 0], "uv_size": [1, 0]},
								"east": {"uv": [0, 0], "uv_size": [2, 0]},
								"south": {"uv": [0, 0], "uv_size": [1, 0]},
								"west": {"uv": [0, 0], "uv_size": [2, 0]},
								"up": {"uv": [16, 28], "uv_size": [1, 2]},
								"down": {"uv": [21, 30], "uv_size": [1, -2]}
							}
						}
					]
				},
				{
					"name": "item",
					"parent": "body7",
					"pivot": [0, 9, 22]
				}
			]
		}
	]
}