{
	"format_version": "1.12.0",
	"minecraft:geometry": [
		{
			"description": {
				"identifier": "geometry.unknown",
				"texture_width": 64,
				"texture_height": 64,
				"visible_bounds_width": 3,
				"visible_bounds_height": 2.5,
				"visible_bounds_offset": [0, 0.75, 0]
			},
			"bones": [
				{
					"name": "weald_waddler",
					"pivot": [0, 0, 0]
				},
				{
					"name": "head",
					"parent": "weald_waddler",
					"pivot": [0, 7, 0],
					"cubes": [
						{
							"origin": [-8, 8, -8],
							"size": [16, 8, 16],
							"uv": {
								"north": {"uv": [36, 22], "uv_size": [16, 8]},
								"east": {"uv": [40, 30], "uv_size": [16, 8]},
								"south": {"uv": [40, 38], "uv_size": [16, 8]},
								"west": {"uv": [0, 43], "uv_size": [16, 8]},
								"up": {"uv": [20, 0], "uv_size": [16, 16]},
								"down": {"uv": [20, 32], "uv_size": [16, -16]}
							}
						},
						{
							"origin": [-10, 7, -6],
							"size": [20, 11, 16],
							"uv": {
								"north": {"uv": [0, 32], "uv_size": [20, 11]},
								"east": {"uv": [36, 0], "uv_size": [16, 11]},
								"south": {"uv": [20, 32], "uv_size": [20, 11]},
								"west": {"uv": [36, 11], "uv_size": [16, 11]},
								"up": {"uv": [0, 0], "uv_size": [20, 16]},
								"down": {"uv": [0, 32], "uv_size": [20, -16]}
							}
						},
						{
							"origin": [-7, 13, -9],
							"size": [5, 2, 1],
							"uv": {
								"north": {"uv": [46, 55], "uv_size": [5, 2]},
								"east": {"uv": [36, 30], "uv_size": [1, 2]},
								"south": {"uv": [51, 55], "uv_size": [5, 2]},
								"west": {"uv": [37, 30], "uv_size": [1, 2]},
								"up": {"uv": [52, 29], "uv_size": [5, 1]},
								"down": {"uv": [56, 31], "uv_size": [5, -1]}
							}
						},
						{
							"origin": [2, 13, -9],
							"size": [5, 2, 1],
							"uv": {
								"north": {"uv": [12, 56], "uv_size": [5, 2]},
								"east": {"uv": [38, 30], "uv_size": [1, 2]},
								"south": {"uv": [17, 56], "uv_size": [5, 2]},
								"west": {"uv": [39, 30], "uv_size": [1, 2]},
								"up": {"uv": [56, 31], "uv_size": [5, 1]},
								"down": {"uv": [56, 33], "uv_size": [5, -1]}
							}
						},
						{
							"origin": [-10, 5, -10],
							"size": [20, 5, 4],
							"uv": {
								"north": {"uv": [16, 43], "uv_size": [20, 5]},
								"east": {"uv": [38, 55], "uv_size": [4, 5]},
								"south": {"uv": [36, 46], "uv_size": [20, 5]},
								"west": {"uv": [42, 55], "uv_size": [4, 5]},
								"up": {"uv": [16, 48], "uv_size": [20, 4]},
								"down": {"uv": [36, 55], "uv_size": [20, -4]}
							}
						},
						{
							"origin": [-5, 2, -10],
							"size": [10, 3, 4],
							"uv": {
								"north": {"uv": [52, 26], "uv_size": [10, 3]},
								"east": {"uv": [36, 43], "uv_size": [4, 3]},
								"south": {"uv": [28, 55], "uv_size": [10, 3]},
								"west": {"uv": [28, 52], "uv_size": [4, 3]},
								"up": {"uv": [12, 52], "uv_size": [10, 4]},
								"down": {"uv": [52, 20], "uv_size": [10, -4]}
							}
						}
					]
				},
				{
					"name": "leg_right",
					"parent": "weald_waddler",
					"pivot": [0, 8, 0],
					"cubes": [
						{
							"origin": [-7, 0, -3],
							"size": [6, 8, 6],
							"uv": {
								"north": {"uv": [0, 51], "uv_size": [6, 8]},
								"east": {"uv": [6, 51], "uv_size": [6, 8]},
								"south": {"uv": [52, 0], "uv_size": [6, 8]},
								"west": {"uv": [52, 8], "uv_size": [6, 8]},
								"up": {"uv": [52, 20], "uv_size": [6, 6]},
								"down": {"uv": [22, 58], "uv_size": [6, -6]}
							}
						}
					]
				},
				{
					"name": "leg_left",
					"parent": "weald_waddler",
					"pivot": [0, 8, 0],
					"cubes": [
						{
							"origin": [1, 0, -3],
							"size": [6, 8, 6],
							"uv": {
								"north": {"uv": [6, 51], "uv_size": [-6, 8]},
								"east": {"uv": [58, 8], "uv_size": [-6, 8]},
								"south": {"uv": [58, 0], "uv_size": [-6, 8]},
								"west": {"uv": [12, 51], "uv_size": [-6, 8]},
								"up": {"uv": [58, 20], "uv_size": [-6, 6]},
								"down": {"uv": [28, 58], "uv_size": [-6, -6]}
							}
						}
					]
				}
			]
		}
	]
}