{
	"format_version": "1.12.0",
	"minecraft:geometry": [
		{
			"description": {
				"identifier": "geometry.unknown",
				"texture_width": 128,
				"texture_height": 128,
				"visible_bounds_width": 3,
				"visible_bounds_height": 2.5,
				"visible_bounds_offset": [0, 0.75, 0]
			},
			"bones": [
				{
					"name": "weald_waddler",
					"pivot": [0, 0, 0]
				},
				{
					"name": "head",
					"parent": "weald_waddler",
					"pivot": [0, 7, 0],
					"cubes": [
						{
							"origin": [-8, 8, -8],
							"size": [16, 8, 16],
							"uv": {
								"north": {"uv": [18, 32], "uv_size": [16, 8]},
								"east": {"uv": [34, 32], "uv_size": [16, 8]},
								"south": {"uv": [36, 0], "uv_size": [16, 8]},
								"west": {"uv": [36, 8], "uv_size": [16, 8]},
								"up": {"uv": [20, 0], "uv_size": [16, 16]},
								"down": {"uv": [20, 32], "uv_size": [16, -16]}
							}
						},
						{
							"origin": [-8, 5, -10],
							"size": [9, 13, 2],
							"uv": {
								"north": {"uv": [36, 16], "uv_size": [9, 13]},
								"east": {"uv": [20, 53], "uv_size": [2, 13]},
								"south": {"uv": [18, 40], "uv_size": [9, 13]},
								"west": {"uv": [22, 53], "uv_size": [2, 13]},
								"up": {"uv": [36, 29], "uv_size": [9, 2]},
								"down": {"uv": [32, 55], "uv_size": [9, -2]}
							}
						},
						{
							"origin": [-8, 5, 8],
							"size": [9, 13, 2],
							"uv": {
								"north": {"uv": [27, 40], "uv_size": [9, 13]},
								"east": {"uv": [28, 53], "uv_size": [2, 13]},
								"south": {"uv": [36, 40], "uv_size": [9, 13]},
								"west": {"uv": [30, 53], "uv_size": [2, 13]},
								"up": {"uv": [53, 50], "uv_size": [9, 2]},
								"down": {"uv": [53, 54], "uv_size": [9, -2]}
							}
						},
						{
							"origin": [-8, 16, -8],
							"size": [9, 2, 16],
							"uv": {
								"north": {"uv": [53, 46], "uv_size": [9, 2]},
								"east": {"uv": [52, 12], "uv_size": [16, 2]},
								"south": {"uv": [53, 48], "uv_size": [9, 2]},
								"west": {"uv": [52, 14], "uv_size": [16, 2]},
								"up": {"uv": [0, 26], "uv_size": [9, 16]},
								"down": {"uv": [9, 42], "uv_size": [9, -16]}
							}
						},
						{
							"origin": [1, 11, -6],
							"size": [6, 7, 16],
							"uv": {
								"north": {"uv": [51, 23], "uv_size": [6, 7]},
								"east": {"uv": [0, 42], "uv_size": [16, 7]},
								"south": {"uv": [51, 39], "uv_size": [6, 7]},
								"west": {"uv": [45, 16], "uv_size": [16, 7]},
								"up": {"uv": [45, 40], "uv_size": [6, 16]},
								"down": {"uv": [0, 65], "uv_size": [6, -16]}
							}
						},
						{
							"origin": [-10, 5, -10],
							"size": [2, 13, 20],
							"uv": {
								"north": {"uv": [24, 53], "uv_size": [2, 13]},
								"east": {"uv": [0, 0], "uv_size": [20, 13]},
								"south": {"uv": [26, 53], "uv_size": [2, 13]},
								"west": {"uv": [0, 13], "uv_size": [20, 13]},
								"up": {"uv": [51, 46], "uv_size": [2, 20]},
								"down": {"uv": [18, 73], "uv_size": [2, -20]}
							}
						}
					]
				},
				{
					"name": "leg_right",
					"parent": "weald_waddler",
					"pivot": [0, 8, 0],
					"cubes": [
						{
							"origin": [-7, 0, -3],
							"size": [6, 8, 6],
							"uv": {
								"north": {"uv": [45, 23], "uv_size": [6, 8]},
								"east": {"uv": [6, 49], "uv_size": [6, 8]},
								"south": {"uv": [12, 49], "uv_size": [6, 8]},
								"west": {"uv": [50, 31], "uv_size": [6, 8]},
								"up": {"uv": [52, 0], "uv_size": [6, 6]},
								"down": {"uv": [52, 12], "uv_size": [6, -6]}
							}
						}
					]
				},
				{
					"name": "leg_left",
					"parent": "weald_waddler",
					"pivot": [0, 8, 0],
					"cubes": [
						{
							"origin": [1, 0, -3],
							"size": [6, 8, 6],
							"uv": {
								"north": {"uv": [51, 23], "uv_size": [-6, 8]},
								"east": {"uv": [56, 31], "uv_size": [-6, 8]},
								"south": {"uv": [18, 49], "uv_size": [-6, 8]},
								"west": {"uv": [12, 49], "uv_size": [-6, 8]},
								"up": {"uv": [58, 0], "uv_size": [-6, 6]},
								"down": {"uv": [58, 12], "uv_size": [-6, -6]}
							}
						}
					]
				}
			]
		}
	]
}