{
	"format_version": "1.12.0",
	"minecraft:geometry": [
		{
			"description": {
				"identifier": "geometry.unknown",
				"texture_width": 32,
				"texture_height": 32,
				"visible_bounds_width": 2,
				"visible_bounds_height": 2.5,
				"visible_bounds_offset": [0, 0.75, 0]
			},
			"bones": [
				{
					"name": "starbuncle",
					"pivot": [0, 0, -0.5]
				},
				{
					"name": "body",
					"parent": "starbuncle",
					"pivot": [0, 2.5, -0.5],
					"cubes": [
						{
							"origin": [-2, 1, -2.5],
							"size": [4, 3, 4],
							"uv": {
								"north": {"uv": [14, 5], "uv_size": [4, 3]},
								"east": {"uv": [18, 10], "uv_size": [4, 3]},
								"south": {"uv": [22, 14], "uv_size": [4, 3]},
								"west": {"uv": [18, 22], "uv_size": [4, 3]},
								"up": {"uv": [0, 22], "uv_size": [4, 4]},
								"down": {"uv": [10, 26], "uv_size": [4, -4]}
							}
						}
					]
				},
				{
					"name": "head",
					"parent": "body",
					"pivot": [0, 4, -2.5],
					"cubes": [
						{
							"origin": [-2.5, 2, -6.5],
							"size": [5, 4, 4],
							"uv": {
								"north": {"uv": [10, 18], "uv_size": [5, 4]},
								"east": {"uv": [22, 10], "uv_size": [4, 4]},
								"south": {"uv": [15, 18], "uv_size": [5, 4]},
								"west": {"uv": [14, 22], "uv_size": [4, 4]},
								"up": {"uv": [19, 0], "uv_size": [5, 4]},
								"down": {"uv": [20, 22], "uv_size": [5, -4]}
							}
						},
						{
							"origin": [-0.5, 3, -7],
							"size": [1, 1, 1],
							"uv": {
								"north": {"uv": [5, 17], "uv_size": [1, 1]},
								"east": {"uv": [19, 4], "uv_size": [1, 1]},
								"south": {"uv": [20, 4], "uv_size": [1, 1]},
								"west": {"uv": [21, 4], "uv_size": [1, 1]},
								"up": {"uv": [22, 4], "uv_size": [1, 1]},
								"down": {"uv": [22, 18], "uv_size": [1, -1]}
							}
						}
					]
				},
				{
					"name": "ear_left",
					"parent": "head",
					"pivot": [1.5, 5, -4.5],
					"rotation": [-20, 45, 0],
					"cubes": [
						{
							"origin": [1, 5, -5],
							"size": [1, 6, 1],
							"uv": {
								"north": {"uv": [4, 22], "uv_size": [1, 6]},
								"east": {"uv": [22, 22], "uv_size": [1, 6]},
								"south": {"uv": [23, 4], "uv_size": [1, 6]},
								"west": {"uv": [5, 23], "uv_size": [1, 6]},
								"up": {"uv": [23, 17], "uv_size": [1, 1]},
								"down": {"uv": [24, 18], "uv_size": [1, -1]}
							}
						},
						{
							"origin": [1, 7, -4],
							"size": [1, 5, 1],
							"uv": {
								"north": {"uv": [23, 22], "uv_size": [1, 5]},
								"east": {"uv": [24, 0], "uv_size": [1, 5]},
								"south": {"uv": [24, 5], "uv_size": [1, 5]},
								"west": {"uv": [24, 22], "uv_size": [1, 5]},
								"up": {"uv": [17, 26], "uv_size": [1, 1]},
								"down": {"uv": [26, 18], "uv_size": [1, -1]}
							}
						},
						{
							"origin": [1, 8, -3],
							"size": [1, 3, 1],
							"uv": {
								"north": {"uv": [19, 25], "uv_size": [1, 3]},
								"east": {"uv": [20, 25], "uv_size": [1, 3]},
								"south": {"uv": [21, 25], "uv_size": [1, 3]},
								"west": {"uv": [25, 22], "uv_size": [1, 3]},
								"up": {"uv": [26, 18], "uv_size": [1, 1]},
								"down": {"uv": [26, 20], "uv_size": [1, -1]}
							}
						}
					]
				},
				{
					"name": "ear_right",
					"parent": "head",
					"pivot": [-1.5, 5, -4.5],
					"rotation": [-20, -45, 0],
					"cubes": [
						{
							"origin": [-2, 5, -5],
							"size": [1, 6, 1],
							"uv": {
								"north": {"uv": [6, 23], "uv_size": [1, 6]},
								"east": {"uv": [7, 23], "uv_size": [1, 6]},
								"south": {"uv": [8, 23], "uv_size": [1, 6]},
								"west": {"uv": [9, 23], "uv_size": [1, 6]},
								"up": {"uv": [27, 1], "uv_size": [1, 1]},
								"down": {"uv": [27, 3], "uv_size": [1, -1]}
							}
						},
						{
							"origin": [-2, 7, -4],
							"size": [1, 5, 1],
							"uv": {
								"north": {"uv": [25, 0], "uv_size": [1, 5]},
								"east": {"uv": [25, 5], "uv_size": [1, 5]},
								"south": {"uv": [25, 17], "uv_size": [1, 5]},
								"west": {"uv": [18, 25], "uv_size": [1, 5]},
								"up": {"uv": [27, 3], "uv_size": [1, 1]},
								"down": {"uv": [27, 5], "uv_size": [1, -1]}
							}
						},
						{
							"origin": [-2, 8, -3],
							"size": [1, 3, 1],
							"uv": {
								"north": {"uv": [25, 25], "uv_size": [1, 3]},
								"east": {"uv": [0, 26], "uv_size": [1, 3]},
								"south": {"uv": [26, 0], "uv_size": [1, 3]},
								"west": {"uv": [1, 26], "uv_size": [1, 3]},
								"up": {"uv": [27, 5], "uv_size": [1, 1]},
								"down": {"uv": [27, 7], "uv_size": [1, -1]}
							}
						}
					]
				},
				{
					"name": "tail",
					"parent": "body",
					"pivot": [0, 3.5, 1.5],
					"cubes": [
						{
							"origin": [-2.5, 3, 1.5],
							"size": [5, 5, 5],
							"uv": {
								"north": {"uv": [12, 13], "uv_size": [5, 5]},
								"east": {"uv": [14, 0], "uv_size": [5, 5]},
								"south": {"uv": [0, 17], "uv_size": [5, 5]},
								"west": {"uv": [17, 13], "uv_size": [5, 5]},
								"up": {"uv": [5, 18], "uv_size": [5, 5]},
								"down": {"uv": [18, 10], "uv_size": [5, -5]}
							}
						}
					]
				},
				{
					"name": "item",
					"parent": "tail",
					"pivot": [0, 9.5, 4]
				},
				{
					"name": "basket",
					"parent": "tail",
					"pivot": [0, 8, 4],
					"cubes": [
						{
							"origin": [-3, 8, 1],
							"size": [6, 5, 6],
							"uv": {
								"north": {"uv": [6, 8], "uv_size": [6, 5]},
								"east": {"uv": [0, 12], "uv_size": [6, 5]},
								"south": {"uv": [12, 8], "uv_size": [6, 5]},
								"west": {"uv": [6, 13], "uv_size": [6, 5]},
								"up": {"uv": [0, 0], "uv_size": [6, 6]},
								"down": {"uv": [0, 12], "uv_size": [6, -6]}
							}
						},
						{
							"origin": [-4, 13, 4],
							"size": [8, 4, 0],
							"uv": {
								"north": {"uv": [6, 0], "uv_size": [8, 4]},
								"east": {"uv": [0, 0], "uv_size": [0, 4]},
								"south": {"uv": [6, 4], "uv_size": [8, 4]},
								"west": {"uv": [0, 0], "uv_size": [0, 4]},
								"up": {"uv": [0, 0], "uv_size": [8, 0]},
								"down": {"uv": [0, 0], "uv_size": [8, 0]}
							}
						},
						{
							"origin": [-4, 13, 4],
							"size": [8, 4, 0],
							"pivot": [0, 15, 4],
							"rotation": [0, 90, 0],
							"uv": {
								"north": {"uv": [6, 0], "uv_size": [8, 4]},
								"east": {"uv": [0, 0], "uv_size": [0, 4]},
								"south": {"uv": [6, 4], "uv_size": [8, 4]},
								"west": {"uv": [0, 0], "uv_size": [0, 4]},
								"up": {"uv": [0, 0], "uv_size": [8, 0]},
								"down": {"uv": [0, 0], "uv_size": [8, 0]}
							}
						}
					]
				},
				{
					"name": "legs_front",
					"parent": "body",
					"pivot": [0, 1.5, -1.5]
				},
				{
					"name": "leg_front_left",
					"parent": "legs_front",
					"pivot": [1, 1.5, -1.5],
					"cubes": [
						{
							"origin": [0.5, 0, -2],
							"size": [1, 2, 1],
							"uv": {
								"north": {"uv": [2, 26], "uv_size": [1, 2]},
								"east": {"uv": [3, 26], "uv_size": [1, 2]},
								"south": {"uv": [26, 3], "uv_size": [1, 2]},
								"west": {"uv": [26, 5], "uv_size": [1, 2]},
								"up": {"uv": [26, 20], "uv_size": [1, 1]},
								"down": {"uv": [26, 22], "uv_size": [1, -1]}
							}
						}
					]
				},
				{
					"name": "leg_front_right",
					"parent": "legs_front",
					"pivot": [-1, 1.5, -1.5],
					"cubes": [
						{
							"origin": [-1.5, 0, -2],
							"size": [1, 2, 1],
							"uv": {
								"north": {"uv": [26, 11], "uv_size": [1, 2]},
								"east": {"uv": [12, 26], "uv_size": [1, 2]},
								"south": {"uv": [13, 26], "uv_size": [1, 2]},
								"west": {"uv": [26, 13], "uv_size": [1, 2]},
								"up": {"uv": [26, 24], "uv_size": [1, 1]},
								"down": {"uv": [26, 26], "uv_size": [1, -1]}
							}
						}
					]
				},
				{
					"name": "legs_back",
					"parent": "body",
					"pivot": [0, 1.5, 0.5]
				},
				{
					"name": "leg_back_left",
					"parent": "legs_back",
					"pivot": [1, 1.5, 0.5],
					"cubes": [
						{
							"origin": [0.5, 0, 0],
							"size": [1, 2, 1],
							"uv": {
								"north": {"uv": [26, 7], "uv_size": [1, 2]},
								"east": {"uv": [26, 9], "uv_size": [1, 2]},
								"south": {"uv": [10, 26], "uv_size": [1, 2]},
								"west": {"uv": [11, 26], "uv_size": [1, 2]},
								"up": {"uv": [26, 22], "uv_size": [1, 1]},
								"down": {"uv": [26, 24], "uv_size": [1, -1]}
							}
						}
					]
				},
				{
					"name": "leg_back_right",
					"parent": "legs_back",
					"pivot": [-1, 1.5, 0.5],
					"cubes": [
						{
							"origin": [-1.5, 0, 0],
							"size": [1, 2, 1],
							"uv": {
								"north": {"uv": [14, 26], "uv_size": [1, 2]},
								"east": {"uv": [15, 26], "uv_size": [1, 2]},
								"south": {"uv": [26, 15], "uv_size": [1, 2]},
								"west": {"uv": [16, 26], "uv_size": [1, 2]},
								"up": {"uv": [26, 26], "uv_size": [1, 1]},
								"down": {"uv": [27, 1], "uv_size": [1, -1]}
							}
						}
					]
				}
			]
		}
	]
}