{
	"format_version": "1.12.0",
	"minecraft:geometry": [
		{
			"description": {
				"identifier": "geometry.unknown",
				"texture_width": 64,
				"texture_height": 64,
				"visible_bounds_width": 2,
				"visible_bounds_height": 2.5,
				"visible_bounds_offset": [0, 0.75, 0]
			},
			"bones": [
				{
					"name": "starbuncle",
					"pivot": [0, 0, -0.5]
				},
				{
					"name": "body",
					"parent": "starbuncle",
					"pivot": [0, 2.5, -0.5],
					"cubes": [
						{
							"origin": [-2, 1, -2.5],
							"size": [4, 3, 4],
							"inflate": -0.49,
							"uv": {
								"north": {"uv": [27, 28], "uv_size": [4, 3]},
								"east": {"uv": [4, 29], "uv_size": [4, 3]},
								"south": {"uv": [8, 29], "uv_size": [4, 3]},
								"west": {"uv": [29, 11], "uv_size": [4, 3]},
								"up": {"uv": [26, 0], "uv_size": [4, 4]},
								"down": {"uv": [26, 8], "uv_size": [4, -4]}
							}
						},
						{
							"origin": [-2, 1, -2.5],
							"size": [4, 3, 4],
							"uv": {
								"north": {"uv": [21, 12], "uv_size": [4, 3]},
								"east": {"uv": [26, 8], "uv_size": [4, 3]},
								"south": {"uv": [19, 28], "uv_size": [4, 3]},
								"west": {"uv": [23, 28], "uv_size": [4, 3]},
								"up": {"uv": [25, 12], "uv_size": [4, 4]},
								"down": {"uv": [15, 29], "uv_size": [4, -4]}
							}
						}
					]
				},
				{
					"name": "head",
					"parent": "body",
					"pivot": [0, 4, -2.5],
					"cubes": [
						{
							"origin": [-2.5, 2, -6.5],
							"size": [5, 4, 4],
							"inflate": -0.5,
							"uv": {
								"north": {"uv": [0, 22], "uv_size": [5, 4]},
								"east": {"uv": [25, 24], "uv_size": [4, 4]},
								"south": {"uv": [20, 24], "uv_size": [5, 4]},
								"west": {"uv": [0, 26], "uv_size": [4, 4]},
								"up": {"uv": [5, 25], "uv_size": [5, 4]},
								"down": {"uv": [10, 29], "uv_size": [5, -4]}
							}
						},
						{
							"origin": [-0.5, 3, -7],
							"size": [1, 1, 1],
							"uv": {
								"north": {"uv": [26, 11], "uv_size": [1, 1]},
								"east": {"uv": [27, 11], "uv_size": [1, 1]},
								"south": {"uv": [28, 11], "uv_size": [1, 1]},
								"west": {"uv": [32, 18], "uv_size": [1, 1]},
								"up": {"uv": [28, 32], "uv_size": [1, 1]},
								"down": {"uv": [29, 33], "uv_size": [1, -1]}
							}
						},
						{
							"origin": [-2.5, 2, -6.5],
							"size": [5, 4, 4],
							"uv": {
								"north": {"uv": [20, 20], "uv_size": [5, 4]},
								"east": {"uv": [25, 16], "uv_size": [4, 4]},
								"south": {"uv": [21, 0], "uv_size": [5, 4]},
								"west": {"uv": [25, 20], "uv_size": [4, 4]},
								"up": {"uv": [21, 4], "uv_size": [5, 4]},
								"down": {"uv": [21, 12], "uv_size": [5, -4]}
							}
						}
					]
				},
				{
					"name": "ear_left",
					"parent": "head",
					"pivot": [1.5, 5, -4.5],
					"rotation": [-20, 45, 0],
					"cubes": [
						{
							"origin": [1, 5, -5],
							"size": [1, 6, 1],
							"uv": {
								"north": {"uv": [12, 29], "uv_size": [1, 6]},
								"east": {"uv": [13, 29], "uv_size": [1, 6]},
								"south": {"uv": [14, 29], "uv_size": [1, 6]},
								"west": {"uv": [29, 14], "uv_size": [1, 6]},
								"up": {"uv": [30, 32], "uv_size": [1, 1]},
								"down": {"uv": [31, 33], "uv_size": [1, -1]}
							}
						},
						{
							"origin": [1, 7, -4],
							"size": [1, 5, 1],
							"uv": {
								"north": {"uv": [3, 30], "uv_size": [1, 5]},
								"east": {"uv": [30, 6], "uv_size": [1, 5]},
								"south": {"uv": [30, 14], "uv_size": [1, 5]},
								"west": {"uv": [31, 0], "uv_size": [1, 5]},
								"up": {"uv": [32, 32], "uv_size": [1, 1]},
								"down": {"uv": [33, 1], "uv_size": [1, -1]}
							}
						},
						{
							"origin": [1, 8, -3],
							"size": [1, 3, 1],
							"uv": {
								"north": {"uv": [5, 12], "uv_size": [1, 3]},
								"east": {"uv": [19, 25], "uv_size": [1, 3]},
								"south": {"uv": [4, 26], "uv_size": [1, 3]},
								"west": {"uv": [32, 0], "uv_size": [1, 3]},
								"up": {"uv": [33, 1], "uv_size": [1, 1]},
								"down": {"uv": [33, 3], "uv_size": [1, -1]}
							}
						}
					]
				},
				{
					"name": "ear_right",
					"parent": "head",
					"pivot": [-1.5, 5, -4.5],
					"rotation": [-20, -45, 0],
					"cubes": [
						{
							"origin": [-2, 5, -5],
							"size": [1, 6, 1],
							"uv": {
								"north": {"uv": [0, 30], "uv_size": [1, 6]},
								"east": {"uv": [30, 0], "uv_size": [1, 6]},
								"south": {"uv": [1, 30], "uv_size": [1, 6]},
								"west": {"uv": [2, 30], "uv_size": [1, 6]},
								"up": {"uv": [29, 33], "uv_size": [1, 1]},
								"down": {"uv": [30, 34], "uv_size": [1, -1]}
							}
						},
						{
							"origin": [-2, 7, -4],
							"size": [1, 5, 1],
							"uv": {
								"north": {"uv": [31, 5], "uv_size": [1, 5]},
								"east": {"uv": [31, 14], "uv_size": [1, 5]},
								"south": {"uv": [19, 31], "uv_size": [1, 5]},
								"west": {"uv": [20, 31], "uv_size": [1, 5]},
								"up": {"uv": [31, 33], "uv_size": [1, 1]},
								"down": {"uv": [33, 32], "uv_size": [1, -1]}
							}
						},
						{
							"origin": [-2, 8, -3],
							"size": [1, 3, 1],
							"uv": {
								"north": {"uv": [32, 3], "uv_size": [1, 3]},
								"east": {"uv": [4, 32], "uv_size": [1, 3]},
								"south": {"uv": [5, 32], "uv_size": [1, 3]},
								"west": {"uv": [6, 32], "uv_size": [1, 3]},
								"up": {"uv": [32, 33], "uv_size": [1, 1]},
								"down": {"uv": [33, 33], "uv_size": [1, -1]}
							}
						}
					]
				},
				{
					"name": "tail",
					"parent": "body",
					"pivot": [0, 3.5, 1.5],
					"cubes": [
						{
							"origin": [-2.5, 2.99, 1.5],
							"size": [5, 5, 5],
							"uv": {
								"north": {"uv": [6, 0], "uv_size": [5, 5]},
								"east": {"uv": [6, 5], "uv_size": [5, 5]},
								"south": {"uv": [6, 10], "uv_size": [5, 5]},
								"west": {"uv": [11, 0], "uv_size": [5, 5]},
								"up": {"uv": [11, 5], "uv_size": [5, 5]},
								"down": {"uv": [11, 15], "uv_size": [5, -5]}
							}
						},
						{
							"origin": [-2.5, 3, 1.5],
							"size": [5, 5, 5],
							"inflate": -0.5,
							"uv": {
								"north": {"uv": [16, 10], "uv_size": [5, 5]},
								"east": {"uv": [0, 17], "uv_size": [5, 5]},
								"south": {"uv": [5, 20], "uv_size": [5, 5]},
								"west": {"uv": [10, 20], "uv_size": [5, 5]},
								"up": {"uv": [15, 20], "uv_size": [5, 5]},
								"down": {"uv": [20, 20], "uv_size": [5, -5]}
							}
						}
					]
				},
				{
					"name": "item",
					"parent": "tail",
					"pivot": [0, 9.5, 4]
				},
				{
					"name": "basket",
					"parent": "tail",
					"pivot": [-6, 8, 4],
					"cubes": [
						{
							"origin": [-3, 8, 1],
							"size": [6, 1, 6],
							"uv": {
								"north": {"uv": [29, 20], "uv_size": [6, 1]},
								"east": {"uv": [29, 21], "uv_size": [6, 1]},
								"south": {"uv": [29, 22], "uv_size": [6, 1]},
								"west": {"uv": [29, 23], "uv_size": [6, 1]},
								"up": {"uv": [0, 0], "uv_size": [6, 6]},
								"down": {"uv": [0, 12], "uv_size": [6, -6]}
							}
						},
						{
							"origin": [2, 9, 1],
							"size": [1, 1, 6],
							"uv": {
								"north": {"uv": [33, 3], "uv_size": [1, 1]},
								"east": {"uv": [29, 24], "uv_size": [6, 1]},
								"south": {"uv": [33, 4], "uv_size": [1, 1]},
								"west": {"uv": [29, 25], "uv_size": [6, 1]},
								"up": {"uv": [15, 29], "uv_size": [1, 6]},
								"down": {"uv": [16, 35], "uv_size": [1, -6]}
							}
						},
						{
							"origin": [-3, 9, 1],
							"size": [1, 1, 6],
							"uv": {
								"north": {"uv": [33, 5], "uv_size": [1, 1]},
								"east": {"uv": [29, 26], "uv_size": [6, 1]},
								"south": {"uv": [33, 6], "uv_size": [1, 1]},
								"west": {"uv": [29, 27], "uv_size": [6, 1]},
								"up": {"uv": [17, 29], "uv_size": [1, 6]},
								"down": {"uv": [18, 35], "uv_size": [1, -6]}
							}
						},
						{
							"origin": [-2, 9, 6],
							"size": [4, 1, 1],
							"uv": {
								"north": {"uv": [30, 19], "uv_size": [4, 1]},
								"east": {"uv": [33, 7], "uv_size": [1, 1]},
								"south": {"uv": [31, 10], "uv_size": [4, 1]},
								"west": {"uv": [33, 8], "uv_size": [1, 1]},
								"up": {"uv": [21, 31], "uv_size": [4, 1]},
								"down": {"uv": [25, 32], "uv_size": [4, -1]}
							}
						},
						{
							"origin": [-2, 9, 1],
							"size": [4, 1, 1],
							"uv": {
								"north": {"uv": [31, 28], "uv_size": [4, 1]},
								"east": {"uv": [33, 9], "uv_size": [1, 1]},
								"south": {"uv": [29, 31], "uv_size": [4, 1]},
								"west": {"uv": [33, 11], "uv_size": [1, 1]},
								"up": {"uv": [31, 29], "uv_size": [4, 1]},
								"down": {"uv": [31, 31], "uv_size": [4, -1]}
							}
						},
						{
							"origin": [-2.5, 3, 1.5],
							"size": [5, 5, 5],
							"inflate": 0.1,
							"uv": {
								"north": {"uv": [0, 12], "uv_size": [5, 5]},
								"east": {"uv": [5, 15], "uv_size": [5, 5]},
								"south": {"uv": [10, 15], "uv_size": [5, 5]},
								"west": {"uv": [15, 15], "uv_size": [5, 5]},
								"up": {"uv": [16, 0], "uv_size": [5, 5]},
								"down": {"uv": [16, 10], "uv_size": [5, -5]}
							}
						}
					]
				},
				{
					"name": "legs_front",
					"parent": "body",
					"pivot": [0, 1.5, -1.5]
				},
				{
					"name": "leg_front_left",
					"parent": "legs_front",
					"pivot": [1, 1.5, -1.5],
					"cubes": [
						{
							"origin": [0.5, 0, -2],
							"size": [1, 1.5, 1],
							"uv": {
								"north": {"uv": [32, 6], "uv_size": [1, 2]},
								"east": {"uv": [7, 32], "uv_size": [1, 2]},
								"south": {"uv": [8, 32], "uv_size": [1, 2]},
								"west": {"uv": [32, 8], "uv_size": [1, 2]},
								"up": {"uv": [33, 12], "uv_size": [1, 1]},
								"down": {"uv": [33, 14], "uv_size": [1, -1]}
							}
						}
					]
				},
				{
					"name": "leg_front_right",
					"parent": "legs_front",
					"pivot": [-1, 1.5, -1.5],
					"cubes": [
						{
							"origin": [-1.5, 0, -2],
							"size": [1, 1.5, 1],
							"uv": {
								"north": {"uv": [32, 16], "uv_size": [1, 2]},
								"east": {"uv": [21, 32], "uv_size": [1, 2]},
								"south": {"uv": [22, 32], "uv_size": [1, 2]},
								"west": {"uv": [23, 32], "uv_size": [1, 2]},
								"up": {"uv": [33, 16], "uv_size": [1, 1]},
								"down": {"uv": [33, 18], "uv_size": [1, -1]}
							}
						}
					]
				},
				{
					"name": "legs_back",
					"parent": "body",
					"pivot": [0, 1.5, 0.5]
				},
				{
					"name": "leg_back_left",
					"parent": "legs_back",
					"pivot": [1, 1.5, 0.5],
					"cubes": [
						{
							"origin": [0.5, 0, 0],
							"size": [1, 1.5, 1],
							"uv": {
								"north": {"uv": [9, 32], "uv_size": [1, 2]},
								"east": {"uv": [10, 32], "uv_size": [1, 2]},
								"south": {"uv": [11, 32], "uv_size": [1, 2]},
								"west": {"uv": [32, 14], "uv_size": [1, 2]},
								"up": {"uv": [33, 14], "uv_size": [1, 1]},
								"down": {"uv": [33, 16], "uv_size": [1, -1]}
							}
						}
					]
				},
				{
					"name": "leg_back_right",
					"parent": "legs_back",
					"pivot": [-1, 1.5, 0.5],
					"cubes": [
						{
							"origin": [-1.5, 0, 0],
							"size": [1, 1.5, 1],
							"uv": {
								"north": {"uv": [24, 32], "uv_size": [1, 2]},
								"east": {"uv": [25, 32], "uv_size": [1, 2]},
								"south": {"uv": [26, 32], "uv_size": [1, 2]},
								"west": {"uv": [27, 32], "uv_size": [1, 2]},
								"up": {"uv": [33, 18], "uv_size": [1, 1]},
								"down": {"uv": [28, 34], "uv_size": [1, -1]}
							}
						}
					]
				}
			]
		}
	]
}