{
	"format_version": "1.12.0",
	"minecraft:geometry": [
		{
			"description": {
				"identifier": "geometry.unknown",
				"texture_width": 32,
				"texture_height": 32,
				"visible_bounds_width": 2,
				"visible_bounds_height": 2.5,
				"visible_bounds_offset": [0, 0.75, 0]
			},
			"bones": [
				{
					"name": "starbuncle",
					"pivot": [0, 0, -0.5]
				},
				{
					"name": "body",
					"parent": "starbuncle",
					"pivot": [0, 2.5, -0.5],
					"cubes": [
						{
							"origin": [-2, 1, -2.5],
							"size": [4, 3, 4],
							"uv": {
								"north": {"uv": [21, 0], "uv_size": [4, 3]},
								"east": {"uv": [21, 3], "uv_size": [4, 3]},
								"south": {"uv": [21, 6], "uv_size": [4, 3]},
								"west": {"uv": [21, 9], "uv_size": [4, 3]},
								"up": {"uv": [20, 14], "uv_size": [4, 4]},
								"down": {"uv": [15, 24], "uv_size": [4, -4]}
							}
						}
					]
				},
				{
					"name": "head",
					"parent": "body",
					"pivot": [0, 4, -2.5],
					"cubes": [
						{
							"origin": [-2.5, 2, -6.5],
							"size": [5, 4, 4],
							"uv": {
								"north": {"uv": [16, 10], "uv_size": [5, 4]},
								"east": {"uv": [20, 18], "uv_size": [4, 4]},
								"south": {"uv": [0, 17], "uv_size": [5, 4]},
								"west": {"uv": [0, 21], "uv_size": [4, 4]},
								"up": {"uv": [5, 20], "uv_size": [5, 4]},
								"down": {"uv": [10, 24], "uv_size": [5, -4]}
							}
						},
						{
							"origin": [-0.5, 3, -7],
							"size": [1, 1, 1],
							"uv": {
								"north": {"uv": [27, 8], "uv_size": [1, 1]},
								"east": {"uv": [27, 9], "uv_size": [1, 1]},
								"south": {"uv": [27, 10], "uv_size": [1, 1]},
								"west": {"uv": [27, 12], "uv_size": [1, 1]},
								"up": {"uv": [27, 13], "uv_size": [1, 1]},
								"down": {"uv": [27, 19], "uv_size": [1, -1]}
							}
						}
					]
				},
				{
					"name": "ear_left",
					"parent": "head",
					"pivot": [1.5, 5, -4.5],
					"rotation": [-20, 45, 0],
					"cubes": [
						{
							"origin": [1, 5, -5],
							"size": [1, 6, 1],
							"uv": {
								"north": {"uv": [19, 20], "uv_size": [1, 6]},
								"east": {"uv": [4, 21], "uv_size": [1, 6]},
								"south": {"uv": [20, 22], "uv_size": [1, 6]},
								"west": {"uv": [21, 22], "uv_size": [1, 6]},
								"up": {"uv": [27, 19], "uv_size": [1, 1]},
								"down": {"uv": [27, 25], "uv_size": [1, -1]}
							}
						},
						{
							"origin": [1, 7, -4],
							"size": [1, 5, 1],
							"uv": {
								"north": {"uv": [1, 25], "uv_size": [1, 5]},
								"east": {"uv": [2, 25], "uv_size": [1, 5]},
								"south": {"uv": [3, 25], "uv_size": [1, 5]},
								"west": {"uv": [5, 25], "uv_size": [1, 5]},
								"up": {"uv": [25, 27], "uv_size": [1, 1]},
								"down": {"uv": [27, 26], "uv_size": [1, -1]}
							}
						},
						{
							"origin": [1, 8, -3],
							"size": [1, 3, 1],
							"uv": {
								"north": {"uv": [5, 12], "uv_size": [1, 3]},
								"east": {"uv": [25, 24], "uv_size": [1, 3]},
								"south": {"uv": [26, 0], "uv_size": [1, 3]},
								"west": {"uv": [26, 3], "uv_size": [1, 3]},
								"up": {"uv": [27, 26], "uv_size": [1, 1]},
								"down": {"uv": [27, 28], "uv_size": [1, -1]}
							}
						}
					]
				},
				{
					"name": "ear_right",
					"parent": "head",
					"pivot": [-1.5, 5, -4.5],
					"rotation": [-20, -45, 0],
					"cubes": [
						{
							"origin": [-2, 5, -5],
							"size": [1, 6, 1],
							"uv": {
								"north": {"uv": [23, 24], "uv_size": [1, 6]},
								"east": {"uv": [24, 24], "uv_size": [1, 6]},
								"south": {"uv": [0, 25], "uv_size": [1, 6]},
								"west": {"uv": [25, 0], "uv_size": [1, 6]},
								"up": {"uv": [15, 28], "uv_size": [1, 1]},
								"down": {"uv": [16, 29], "uv_size": [1, -1]}
							}
						},
						{
							"origin": [-2, 7, -4],
							"size": [1, 5, 1],
							"uv": {
								"north": {"uv": [6, 25], "uv_size": [1, 5]},
								"east": {"uv": [25, 6], "uv_size": [1, 5]},
								"south": {"uv": [7, 25], "uv_size": [1, 5]},
								"west": {"uv": [8, 25], "uv_size": [1, 5]},
								"up": {"uv": [28, 18], "uv_size": [1, 1]},
								"down": {"uv": [19, 29], "uv_size": [1, -1]}
							}
						},
						{
							"origin": [-2, 8, -3],
							"size": [1, 3, 1],
							"uv": {
								"north": {"uv": [26, 6], "uv_size": [1, 3]},
								"east": {"uv": [9, 26], "uv_size": [1, 3]},
								"south": {"uv": [10, 26], "uv_size": [1, 3]},
								"west": {"uv": [11, 26], "uv_size": [1, 3]},
								"up": {"uv": [28, 19], "uv_size": [1, 1]},
								"down": {"uv": [20, 29], "uv_size": [1, -1]}
							}
						}
					]
				},
				{
					"name": "tail",
					"parent": "body",
					"pivot": [0, 3.5, 1.5],
					"cubes": [
						{
							"origin": [-2.5, 3, 1.5],
							"size": [5, 5, 5],
							"uv": {
								"north": {"uv": [6, 0], "uv_size": [5, 5]},
								"east": {"uv": [6, 5], "uv_size": [5, 5]},
								"south": {"uv": [6, 10], "uv_size": [5, 5]},
								"west": {"uv": [11, 0], "uv_size": [5, 5]},
								"up": {"uv": [11, 5], "uv_size": [5, 5]},
								"down": {"uv": [11, 15], "uv_size": [5, -5]}
							}
						}
					]
				},
				{
					"name": "item",
					"parent": "tail",
					"pivot": [0, 9.5, 4]
				},
				{
					"name": "basket",
					"parent": "tail",
					"pivot": [0, 8, 4],
					"cubes": [
						{
							"origin": [-3, 8, 1],
							"size": [6, 1, 6],
							"uv": {
								"north": {"uv": [21, 12], "uv_size": [6, 1]},
								"east": {"uv": [21, 13], "uv_size": [6, 1]},
								"south": {"uv": [22, 22], "uv_size": [6, 1]},
								"west": {"uv": [22, 23], "uv_size": [6, 1]},
								"up": {"uv": [0, 0], "uv_size": [6, 6]},
								"down": {"uv": [0, 12], "uv_size": [6, -6]}
							}
						},
						{
							"origin": [2, 9, 1],
							"size": [1, 1, 6],
							"uv": {
								"north": {"uv": [28, 0], "uv_size": [1, 1]},
								"east": {"uv": [5, 24], "uv_size": [6, 1]},
								"south": {"uv": [28, 1], "uv_size": [1, 1]},
								"west": {"uv": [11, 24], "uv_size": [6, 1]},
								"up": {"uv": [24, 14], "uv_size": [1, 6]},
								"down": {"uv": [17, 30], "uv_size": [1, -6]}
							}
						},
						{
							"origin": [-3, 9, 1],
							"size": [1, 1, 6],
							"uv": {
								"north": {"uv": [28, 2], "uv_size": [1, 1]},
								"east": {"uv": [24, 20], "uv_size": [6, 1]},
								"south": {"uv": [28, 3], "uv_size": [1, 1]},
								"west": {"uv": [24, 21], "uv_size": [6, 1]},
								"up": {"uv": [18, 24], "uv_size": [1, 6]},
								"down": {"uv": [22, 30], "uv_size": [1, -6]}
							}
						},
						{
							"origin": [-2, 9, 6],
							"size": [4, 1, 1],
							"uv": {
								"north": {"uv": [16, 14], "uv_size": [4, 1]},
								"east": {"uv": [28, 4], "uv_size": [1, 1]},
								"south": {"uv": [9, 25], "uv_size": [4, 1]},
								"west": {"uv": [28, 5], "uv_size": [1, 1]},
								"up": {"uv": [25, 11], "uv_size": [4, 1]},
								"down": {"uv": [13, 26], "uv_size": [4, -1]}
							}
						},
						{
							"origin": [-2, 9, 1],
							"size": [4, 1, 1],
							"uv": {
								"north": {"uv": [25, 14], "uv_size": [4, 1]},
								"east": {"uv": [28, 6], "uv_size": [1, 1]},
								"south": {"uv": [25, 15], "uv_size": [4, 1]},
								"west": {"uv": [28, 7], "uv_size": [1, 1]},
								"up": {"uv": [25, 16], "uv_size": [4, 1]},
								"down": {"uv": [25, 18], "uv_size": [4, -1]}
							}
						},
						{
							"origin": [-2.5, 3, 1.5],
							"size": [5, 5, 5],
							"inflate": 0.1,
							"uv": {
								"north": {"uv": [0, 12], "uv_size": [5, 5]},
								"east": {"uv": [5, 15], "uv_size": [5, 5]},
								"south": {"uv": [10, 15], "uv_size": [5, 5]},
								"west": {"uv": [15, 15], "uv_size": [5, 5]},
								"up": {"uv": [16, 0], "uv_size": [5, 5]},
								"down": {"uv": [16, 10], "uv_size": [5, -5]}
							}
						}
					]
				},
				{
					"name": "legs_front",
					"parent": "body",
					"pivot": [0, 1.5, -1.5]
				},
				{
					"name": "leg_front_left",
					"parent": "legs_front",
					"pivot": [1, 1.5, -1.5],
					"cubes": [
						{
							"origin": [0.5, 0, -2],
							"size": [1, 2, 1],
							"uv": {
								"north": {"uv": [25, 18], "uv_size": [1, 2]},
								"east": {"uv": [26, 9], "uv_size": [1, 2]},
								"south": {"uv": [12, 26], "uv_size": [1, 2]},
								"west": {"uv": [13, 26], "uv_size": [1, 2]},
								"up": {"uv": [28, 8], "uv_size": [1, 1]},
								"down": {"uv": [28, 10], "uv_size": [1, -1]}
							}
						}
					]
				},
				{
					"name": "leg_front_right",
					"parent": "legs_front",
					"pivot": [-1, 1.5, -1.5],
					"cubes": [
						{
							"origin": [-1.5, 0, -2],
							"size": [1, 2, 1],
							"uv": {
								"north": {"uv": [19, 26], "uv_size": [1, 2]},
								"east": {"uv": [26, 24], "uv_size": [1, 2]},
								"south": {"uv": [26, 26], "uv_size": [1, 2]},
								"west": {"uv": [27, 0], "uv_size": [1, 2]},
								"up": {"uv": [28, 12], "uv_size": [1, 1]},
								"down": {"uv": [13, 29], "uv_size": [1, -1]}
							}
						}
					]
				},
				{
					"name": "legs_back",
					"parent": "body",
					"pivot": [0, 1.5, 0.5]
				},
				{
					"name": "leg_back_left",
					"parent": "legs_back",
					"pivot": [1, 1.5, 0.5],
					"cubes": [
						{
							"origin": [0.5, 0, 0],
							"size": [1, 2, 1],
							"uv": {
								"north": {"uv": [14, 26], "uv_size": [1, 2]},
								"east": {"uv": [15, 26], "uv_size": [1, 2]},
								"south": {"uv": [16, 26], "uv_size": [1, 2]},
								"west": {"uv": [26, 18], "uv_size": [1, 2]},
								"up": {"uv": [28, 10], "uv_size": [1, 1]},
								"down": {"uv": [12, 29], "uv_size": [1, -1]}
							}
						}
					]
				},
				{
					"name": "leg_back_right",
					"parent": "legs_back",
					"pivot": [-1, 1.5, 0.5],
					"cubes": [
						{
							"origin": [-1.5, 0, 0],
							"size": [1, 2, 1],
							"uv": {
								"north": {"uv": [27, 2], "uv_size": [1, 2]},
								"east": {"uv": [4, 27], "uv_size": [1, 2]},
								"south": {"uv": [27, 4], "uv_size": [1, 2]},
								"west": {"uv": [27, 6], "uv_size": [1, 2]},
								"up": {"uv": [28, 13], "uv_size": [1, 1]},
								"down": {"uv": [14, 29], "uv_size": [1, -1]}
							}
						}
					]
				}
			]
		}
	]
}