{
	"format_version": "1.12.0",
	"minecraft:geometry": [
		{
			"description": {
				"identifier": "geometry.unknown",
				"texture_width": 32,
				"texture_height": 32,
				"visible_bounds_width": 3,
				"visible_bounds_height": 2.5,
				"visible_bounds_offset": [0, 0.75, 0]
			},
			"bones": [
				{
					"name": "summoning_crystal",
					"pivot": [0, 8, 0]
				},
				{
					"name": "core",
					"parent": "summoning_crystal",
					"pivot": [2, 8, 6],
					"cubes": [
						{
							"origin": [-5, 2.5, 0],
							"size": [4, 6, 5],
							"uv": {
								"north": {"uv": [18, 12], "uv_size": [4, 6]},
								"east": {"uv": [17, 6], "uv_size": [5, 6]},
								"south": {"uv": [11, 22], "uv_size": [4, 6]},
								"west": {"uv": [18, 18], "uv_size": [5, 6]},
								"up": {"uv": [23, 0], "uv_size": [4, 5]},
								"down": {"uv": [6, 29], "uv_size": [4, -5]}
							}
						},
						{
							"origin": [-3, 3.5, -3],
							"size": [6, 10, 6],
							"pivot": [0, 8.5, 0],
							"rotation": [0, 180, 0],
							"uv": {
								"north": {"uv": [0, 0], "uv_size": [6, 10]},
								"east": {"uv": [6, 6], "uv_size": [6, 10]},
								"south": {"uv": [0, 10], "uv_size": [6, 10]},
								"west": {"uv": [12, 12], "uv_size": [6, 10]},
								"up": {"uv": [6, 0], "uv_size": [6, 6]},
								"down": {"uv": [17, 6], "uv_size": [6, -6]}
							}
						},
						{
							"origin": [-1, 2.5, -5],
							"size": [5, 8, 3],
							"uv": {
								"north": {"uv": [12, 0], "uv_size": [5, 8]},
								"east": {"uv": [0, 20], "uv_size": [3, 8]},
								"south": {"uv": [6, 16], "uv_size": [5, 8]},
								"west": {"uv": [3, 20], "uv_size": [3, 8]},
								"up": {"uv": [12, 8], "uv_size": [5, 3]},
								"down": {"uv": [23, 23], "uv_size": [5, -3]}
							}
						},
						{
							"origin": [1, 4.5, 1],
							"size": [3, 7, 3],
							"uv": {
								"north": {"uv": [15, 22], "uv_size": [3, 7]},
								"east": {"uv": [22, 6], "uv_size": [3, 7]},
								"south": {"uv": [23, 23], "uv_size": [3, 7]},
								"west": {"uv": [23, 13], "uv_size": [3, 7]},
								"up": {"uv": [18, 24], "uv_size": [3, 3]},
								"down": {"uv": [25, 8], "uv_size": [3, -3]}
							}
						}
					]
				},
				{
					"name": "fragment_large",
					"parent": "summoning_crystal",
					"pivot": [2, 8, 6],
					"cubes": [
						{
							"origin": [-5.5, 4, -6],
							"size": [2, 2, 2],
							"uv": {
								"north": {"uv": [25, 10], "uv_size": [2, 2]},
								"east": {"uv": [21, 26], "uv_size": [2, 2]},
								"south": {"uv": [26, 26], "uv_size": [2, 2]},
								"west": {"uv": [26, 12], "uv_size": [2, 2]},
								"up": {"uv": [26, 14], "uv_size": [2, 2]},
								"down": {"uv": [26, 18], "uv_size": [2, -2]}
							}
						}
					]
				},
				{
					"name": "fragment_medium",
					"parent": "summoning_crystal",
					"pivot": [0, 0, 0],
					"cubes": [
						{
							"origin": [5.5, 8, -1],
							"size": [1, 2, 2],
							"uv": {
								"north": {"uv": [22, 15], "uv_size": [1, 2]},
								"east": {"uv": [21, 24], "uv_size": [2, 2]},
								"south": {"uv": [10, 24], "uv_size": [1, 2]},
								"west": {"uv": [25, 8], "uv_size": [2, 2]},
								"up": {"uv": [10, 26], "uv_size": [1, 2]},
								"down": {"uv": [26, 20], "uv_size": [1, -2]}
							}
						}
					]
				},
				{
					"name": "fragment_small",
					"parent": "summoning_crystal",
					"pivot": [0, 0, 0],
					"cubes": [
						{
							"origin": [-5.5, 12, 3],
							"size": [1, 2, 1],
							"uv": {
								"north": {"uv": [11, 16], "uv_size": [1, 2]},
								"east": {"uv": [11, 18], "uv_size": [1, 2]},
								"south": {"uv": [11, 20], "uv_size": [1, 2]},
								"west": {"uv": [22, 13], "uv_size": [1, 2]},
								"up": {"uv": [12, 11], "uv_size": [1, 1]},
								"down": {"uv": [13, 12], "uv_size": [1, -1]}
							}
						}
					]
				}
			]
		}
	]
}