{
	"format_version": "1.12.0",
	"minecraft:geometry": [
		{
			"description": {
				"identifier": "geometry.unknown",
				"texture_width": 32,
				"texture_height": 32,
				"visible_bounds_width": 3,
				"visible_bounds_height": 2.5,
				"visible_bounds_offset": [0, 0.75, 0]
			},
			"bones": [
				{
					"name": "sylph",
					"pivot": [0, 0, 0]
				},
				{
					"name": "head",
					"parent": "sylph",
					"pivot": [0, 3.5, 0],
					"cubes": [
						{
							"origin": [-3, 3.5, -3],
							"size": [6, 5, 6],
							"uv": {
								"north": {"uv": [9, 12], "uv_size": [6, 5]},
								"east": {"uv": [15, 0], "uv_size": [6, 5]},
								"south": {"uv": [15, 5], "uv_size": [6, 5]},
								"west": {"uv": [15, 10], "uv_size": [6, 5]},
								"up": {"uv": [0, 0], "uv_size": [6, 6]},
								"down": {"uv": [0, 12], "uv_size": [6, -6]}
							}
						},
						{
							"origin": [-3.5, 4.5, -1],
							"size": [7, 1, 1],
							"uv": {
								"north": {"uv": [12, 19], "uv_size": [7, 1]},
								"east": {"uv": [21, 7], "uv_size": [1, 1]},
								"south": {"uv": [19, 15], "uv_size": [7, 1]},
								"west": {"uv": [8, 21], "uv_size": [1, 1]},
								"up": {"uv": [19, 16], "uv_size": [7, 1]},
								"down": {"uv": [19, 18], "uv_size": [7, -1]}
							}
						},
						{
							"origin": [-1, 8.5, -1],
							"size": [2, 1, 2],
							"uv": {
								"north": {"uv": [0, 20], "uv_size": [2, 1]},
								"east": {"uv": [2, 20], "uv_size": [2, 1]},
								"south": {"uv": [4, 20], "uv_size": [2, 1]},
								"west": {"uv": [6, 20], "uv_size": [2, 1]},
								"up": {"uv": [12, 17], "uv_size": [2, 2]},
								"down": {"uv": [19, 20], "uv_size": [2, -2]}
							}
						}
					]
				},
				{
					"name": "propellers",
					"parent": "head",
					"pivot": [0, 9.5, 0]
				},
				{
					"name": "propellor1",
					"parent": "propellers",
					"pivot": [0, 9.5, 0],
					"rotation": [0, 0, 22.5],
					"cubes": [
						{
							"origin": [-9, 9.5, -0.5],
							"size": [9, 0, 4],
							"uv": {
								"north": {"uv": [0, 0], "uv_size": [9, 0]},
								"east": {"uv": [0, 0], "uv_size": [4, 0]},
								"south": {"uv": [0, 0], "uv_size": [9, 0]},
								"west": {"uv": [0, 0], "uv_size": [4, 0]},
								"up": {"uv": [6, 0], "uv_size": [9, 4]},
								"down": {"uv": [6, 8], "uv_size": [9, -4]}
							}
						}
					]
				},
				{
					"name": "propellor2",
					"parent": "propellers",
					"pivot": [0, 9.5, 0],
					"rotation": [180, 0, 157.5],
					"cubes": [
						{
							"origin": [-9, 9.5, -0.5],
							"size": [9, 0, 4],
							"uv": {
								"north": {"uv": [0, 0], "uv_size": [9, 0]},
								"east": {"uv": [0, 0], "uv_size": [4, 0]},
								"south": {"uv": [0, 0], "uv_size": [9, 0]},
								"west": {"uv": [0, 0], "uv_size": [4, 0]},
								"up": {"uv": [6, 8], "uv_size": [9, 4]},
								"down": {"uv": [0, 16], "uv_size": [9, -4]}
							}
						}
					]
				},
				{
					"name": "body",
					"parent": "sylph",
					"pivot": [0, 3.5, 0],
					"cubes": [
						{
							"origin": [-2, 1.5, -2],
							"size": [4, 2, 4],
							"uv": {
								"north": {"uv": [4, 16], "uv_size": [4, 2]},
								"east": {"uv": [8, 17], "uv_size": [4, 2]},
								"south": {"uv": [4, 18], "uv_size": [4, 2]},
								"west": {"uv": [8, 19], "uv_size": [4, 2]},
								"up": {"uv": [15, 15], "uv_size": [4, 4]},
								"down": {"uv": [0, 20], "uv_size": [4, -4]}
							}
						}
					]
				},
				{
					"name": "arm_left",
					"parent": "body",
					"pivot": [-2, 3.5, 0],
					"rotation": [0, 0, 30],
					"cubes": [
						{
							"origin": [-2.5, 1.5, -0.5],
							"size": [1, 2, 1],
							"uv": {
								"north": {"uv": [14, 17], "uv_size": [1, 2]},
								"east": {"uv": [12, 20], "uv_size": [1, 2]},
								"south": {"uv": [13, 20], "uv_size": [1, 2]},
								"west": {"uv": [14, 20], "uv_size": [1, 2]},
								"up": {"uv": [8, 16], "uv_size": [1, 1]},
								"down": {"uv": [4, 22], "uv_size": [1, -1]}
							}
						}
					]
				},
				{
					"name": "arm_right",
					"parent": "body",
					"pivot": [2, 3.5, 0],
					"rotation": [0, 0, -30],
					"cubes": [
						{
							"origin": [1.5, 1.5, -0.5],
							"size": [1, 2, 1],
							"uv": {
								"north": {"uv": [15, 20], "uv_size": [1, 2]},
								"east": {"uv": [16, 20], "uv_size": [1, 2]},
								"south": {"uv": [17, 20], "uv_size": [1, 2]},
								"west": {"uv": [18, 20], "uv_size": [1, 2]},
								"up": {"uv": [21, 4], "uv_size": [1, 1]},
								"down": {"uv": [5, 22], "uv_size": [1, -1]}
							}
						}
					]
				},
				{
					"name": "leg_left",
					"parent": "body",
					"pivot": [-1, 1.5, 0],
					"cubes": [
						{
							"origin": [-1.5, 0, -0.5],
							"size": [1, 2, 1],
							"uv": {
								"north": {"uv": [19, 20], "uv_size": [1, 2]},
								"east": {"uv": [20, 20], "uv_size": [1, 2]},
								"south": {"uv": [0, 21], "uv_size": [1, 2]},
								"west": {"uv": [21, 0], "uv_size": [1, 2]},
								"up": {"uv": [21, 5], "uv_size": [1, 1]},
								"down": {"uv": [6, 22], "uv_size": [1, -1]}
							}
						}
					]
				},
				{
					"name": "leg_right",
					"parent": "body",
					"pivot": [1, 1.5, 0],
					"cubes": [
						{
							"origin": [0.5, 0, -0.5],
							"size": [1, 2, 1],
							"uv": {
								"north": {"uv": [1, 21], "uv_size": [1, 2]},
								"east": {"uv": [2, 21], "uv_size": [1, 2]},
								"south": {"uv": [21, 2], "uv_size": [1, 2]},
								"west": {"uv": [3, 21], "uv_size": [1, 2]},
								"up": {"uv": [21, 6], "uv_size": [1, 1]},
								"down": {"uv": [7, 22], "uv_size": [1, -1]}
							}
						}
					]
				}
			]
		}
	]
}